"longitude","latitude","MAT","MPB","Prevalence"
26.0368609053,4.0583331775,25.2538248253616,15.0641817765815,0.218131637842632
26.4535275703,4.0583331775,25.2879362353715,14.9333395870851,0.216992283013983
26.8701942353,4.0583331775,25.2879362353715,14.9333395870851,0.216992283013983
27.2868609003,4.0583331775,25.1062362762339,17.730499622501,0.240356853930292
27.7035275653,4.0583331775,24.9877972012372,19.5119760887411,0.254265134495618
28.1201942303,4.0583331775,24.9878090321848,19.8708420840652,0.256985447523993
28.5368608953,4.0583331775,25.0082217203436,20.097582789436,0.258690852154407
28.9535275603,4.0583331775,24.8626752451998,22.5652149419658,0.276622321138006
29.3701942253,4.0583331775,24.8626752451998,22.5652149419658,0.276622321138006
29.7868608903,4.0583331775,24.7233150769197,24.7236236952015,0.291447068946799
30.2035275553,4.0583331775,24.8406853809317,22.8762403389464,0.27880546144215
30.6201942203,4.0583331775,24.93052030595,21.3548336339798,0.267966470850631
31.0368608853,4.0583331775,26.2812564803058,8.12315339490891,0.149147640746718
31.4535275503,4.0583331775,26.282988837407,8.1220161089676,0.149134498473737
31.8701942153,4.0583331775,26.282988837407,8.1220161089676,0.149134498473737
32.2868608803,4.0583331775,25.751422261155,13.4020444428266,0.203276682946677
32.7035275453,4.0583331775,25.1591348517618,19.0525556998321,0.250743907387454
33.1201942103,4.0583331775,24.314274049682,29.0608571736958,0.319164768924772
33.5368608753,4.0583331775,23.3732795305847,37.9107630362221,0.368884612825015
33.9535275403,4.0583331775,26.9348962562431,5.03720205159672,0.109948439624547
34.3701942053,4.0583331775,26.9348962562431,5.03720205159672,0.109948439624547
34.7868608703,4.0583331775,28.7015584697059,1.6917995409458,0.0534995963231317
35.2035275353,4.0583331775,28.7144389622376,1.6920511281464,0.0535049430064145
35.6201942003,4.0583331775,28.4407815397282,1.69183735111034,0.0535003998755772
36.0368608653,4.0583331775,29.3344141943402,1.68978054265794,0.0534566787258431
36.4535275303,4.0583331775,29.0529184690195,1.69077682168652,0.0534778587806091
36.8701941953,4.0583331775,29.0529184690195,1.69077682168652,0.0534778587806091
37.2868608603,4.0583331775,26.4399818495877,5.34717110907463,0.114267280615357
37.7035275253,4.0583331775,24.9456076541986,18.5990738020872,0.2472243970753
38.1201941903,4.0583331775,20.9492393037474,42.3923044897777,0.391284994332589
38.5368608553,4.0583331775,20.9261719942413,42.5482376993613,0.39203576254871
38.9535275203,4.0583331775,22.703801888519,44.3667122630784,0.400658334105328
39.3701941853,4.0583331775,22.703801888519,44.3667122630784,0.400658334105328
39.7868608503,4.0583331775,23.3335232701248,39.0953009005815,0.374965936919803
40.2035275153,4.0583331775,22.8211929942737,43.9826582693407,0.398857332058803
40.6201941803,4.0583331775,24.3202455858335,24.6304774992897,0.290822524401372
41.0368608453,4.0583331775,26.6880053100836,3.4175747310169,0.0853874408496016
41.4535275103,4.0583331775,28.682712592624,1.69060038943322,0.0534741083021845
41.8701941753,4.0583331775,28.682712592624,1.69060038943322,0.0534741083021845
42.2868608403,4.0583331775,29.5432261201209,1.68863211431735,0.053432258602072
42.7035275053,4.0583331775,29.1809252893009,1.68884441842082,0.0534367734703031
43.1201941703,4.0583331775,27.4527169277519,1.9918206389883,0.0596886789525954
43.5368608353,4.0583331775,26.1589335470722,5.84701362603414,0.121023382449305
43.9535275003,4.0583331775,26.0482763566058,6.18787795269266,0.125495376501815
44.3701941653,4.0583331775,26.0482763566058,6.18787795269266,0.125495376501815
44.7868608303,4.0583331775,26.5020365009358,3.98818512249215,0.0944741598967846
45.2035274953,4.0583331775,28.0039592119834,1.69213201253538,0.0535066618860729
45.6201941603,4.0583331775,27.1735302011883,1.89723969884426,0.0577760716486392
46.0368608253,4.0583331775,27.5015463810456,1.70622024475497,0.0538056082712817
46.4535274903,4.0583331775,27.6099201806023,1.69730844961941,0.0536166060924379
46.8701941553,4.0583331775,27.6099201806023,1.69730844961941,0.0536166060924379
47.2868608203,4.0583331775,25.9305481632544,6.5967728640814,0.130727305443084
8.95352764028,3.6416665125,25.6144519022401,8.6059237869457,0.154656080583087
9.78686097028,3.6416665125,25.729540522987,7.99816685054002,0.147698510176505
10.2035276353,3.6416665125,25.3553045296174,11.5217616860026,0.185362622139715
10.6201943003,3.6416665125,24.7977293404454,19.0391011453894,0.250640118398107
11.0368609653,3.6416665125,23.0327439648483,53.3279164026192,0.43993033029366
11.4535276303,3.6416665125,23.3699070473944,46.8053007246802,0.411853857558731
11.8701942953,3.6416665125,23.3699070473944,46.8053007246802,0.411853857558731
12.2868609603,3.6416665125,23.5650803386938,42.717141134581,0.392846914463667
12.7035276253,3.6416665125,23.6582160645076,40.7589854026017,0.383308880081821
13.1201942903,3.6416665125,23.5053154047506,43.2238082368533,0.39526739755054
13.5368609553,3.6416665125,23.6218238517744,40.8719268568317,0.383867126644951
13.9535276203,3.6416665125,23.8731554295352,36.0990718223109,0.359344033129786
14.3701942853,3.6416665125,23.8731554295352,36.0990718223109,0.359344033129786
14.7868609503,3.6416665125,24.0059714548586,33.2793060965261,0.343877094231002
15.2035276153,3.6416665125,24.4493607490287,25.2583917002235,0.295007351822484
15.6201942803,3.6416665125,24.6913816696141,21.3489590808769,0.267923820749528
16.0368609453,3.6416665125,24.6614160571101,21.853708862934,0.271565540143322
16.4535276103,3.6416665125,24.2795291447528,28.6423385862022,0.316599298703191
16.8701942753,3.6416665125,24.2795291447528,28.6423385862022,0.316599298703191
17.2868609403,3.6416665125,24.9982602250668,17.4023988467987,0.237717741027332
17.7035276053,3.6416665125,25.0670987638893,16.3503217047171,0.229079883520228
18.1201942703,3.6416665125,25.5681152005943,10.7625994516314,0.177745291957126
18.5368609353,3.6416665125,26.0869881149856,6.70922886017087,0.13214226439342
18.9535276003,3.6416665125,26.3262910751353,5.59347617537809,0.117627226329992
19.3701942653,3.6416665125,26.3262910751353,5.59347617537809,0.117627226329992
19.7868609303,3.6416665125,26.2888215793608,5.69695576541527,0.119020797999287
20.2035275953,3.6416665125,26.1397101552448,6.44759343814039,0.128834604951646
20.6201942603,3.6416665125,26.1004431332419,6.67077478638245,0.131659549146902
21.0368609253,3.6416665125,25.2535904972349,13.7092937775183,0.206087293878473
21.4535275903,3.6416665125,25.3863505908677,12.1064914816578,0.19107210455414
21.8701942553,3.6416665125,25.3863505908677,12.1064914816578,0.19107210455414
22.2868609203,3.6416665125,25.5579115266186,10.3466822015642,0.173467345279574
22.7035275853,3.6416665125,25.7821508503846,8.64600850553362,0.155107299540113
23.1201942503,3.6416665125,25.1278736679631,15.0062055236904,0.2176273931007
23.5368609153,3.6416665125,25.0638115028422,15.6987531646594,0.223589250775328
23.9535275803,3.6416665125,24.9002828937571,18.1292326107099,0.243530581843392
24.3701942453,3.6416665125,24.9002828937571,18.1292326107099,0.243530581843392
24.7868609103,3.6416665125,24.7781666967587,19.8581556245139,0.256889724406785
25.2035275753,3.6416665125,24.9653992333773,17.6727848852356,0.239894444025958
25.6201942403,3.6416665125,25.0109929714468,17.2764552612834,0.236697950529848
26.0368609053,3.6416665125,24.9965658773168,17.6773046716584,0.239930684437852
26.4535275703,3.6416665125,25.0786098224949,16.8708602507581,0.233387781100627
26.8701942353,3.6416665125,25.0786098224949,16.8708602507581,0.233387781100627
27.2868609003,3.6416665125,24.9618978495861,19.1621216886213,0.251587680943707
27.7035275653,3.6416665125,24.8976897372238,20.3095531932899,0.26027596440927
28.1201942303,3.6416665125,24.8360316853711,21.4179831440529,0.268424546682625
28.5368608953,3.6416665125,24.8415117102621,21.7323852644787,0.27069439017305
28.9535275603,3.6416665125,24.8465622969448,22.4090375427601,0.275519873031646
29.3701942253,3.6416665125,24.8465622969448,22.4090375427601,0.275519873031646
29.7868608903,3.6416665125,24.7147585559238,24.7074093533782,0.291338446902577
30.2035275553,3.6416665125,24.3047228533884,30.1629233818507,0.325817752774747
30.6201942203,3.6416665125,23.8714724904476,34.4867038161572,0.350595886390763
31.0368608853,3.6416665125,25.1243016777647,19.0208016879392,0.250498894088097
31.4535275503,3.6416665125,25.3747283549408,15.9986292373444,0.226130134117262
31.8701942153,3.6416665125,25.3747283549408,15.9986292373444,0.226130134117262
32.2868608803,3.6416665125,25.8113218373029,12.5122503355995,0.194958341999703
32.7035275453,3.6416665125,23.7959552709086,36.5921906626452,0.361970387890825
33.1201942103,3.6416665125,24.7948940965515,23.1120597081486,0.280449881363612
33.5368608753,3.6416665125,23.1948379536774,41.890667457598,0.388857258746477
33.9535275403,3.6416665125,23.2670110732415,40.3002229337386,0.381030829505177
34.3701942053,3.6416665125,23.2670110732415,40.3002229337386,0.381030829505177
34.7868608703,3.6416665125,27.0727346496881,4.00520952567745,0.0947372425699402
35.2035275353,3.6416665125,28.6626728969502,1.69186954543875,0.0535010840736382
35.6201942003,3.6416665125,28.9745729947952,1.69021564925213,0.0534659292715914
36.0368608653,3.6416665125,29.4576756352585,1.68953118803405,0.0534513769623802
36.4535275303,3.6416665125,28.8242150418059,1.6909859382881,0.0534823038609975
36.8701941953,3.6416665125,28.8242150418059,1.6909859382881,0.0534823038609975
37.2868608603,3.6416665125,28.0738918593101,1.6986087505728,0.0536442049254965
37.7035275253,3.6416665125,26.0066203789556,7.42955299012165,0.140978728156972
38.1201941903,3.6416665125,23.8495722558985,33.8314305227814,0.346967846856238
38.5368608553,3.6416665125,21.4813050579268,42.8417070673939,0.393443768642339
38.9535275203,3.6416665125,22.5737108222604,44.0452789685558,0.399151710163889
39.3701941853,3.6416665125,22.5737108222604,44.0452789685558,0.399151710163889
39.7868608503,3.6416665125,23.8020527119349,33.3120729095298,0.34406139679084
40.2035275153,3.6416665125,24.4142430793454,24.1536336393573,0.287604391380327
40.6201941803,3.6416665125,24.679435171108,19.8585591959509,0.256892769971069
41.0368608453,3.6416665125,27.7642137395784,1.75124852330092,0.0547552598422565
41.4535275103,3.6416665125,28.648208079771,1.6903158989705,0.0534680605021087
41.8701941753,3.6416665125,28.648208079771,1.6903158989705,0.0534680605021087
42.2868608403,3.6416665125,29.235182158782,1.6887994545551,0.0534358172836149
42.7035275053,3.6416665125,29.3388331104082,1.68852519067858,0.0534299846830381
43.1201941703,3.6416665125,27.2690225624748,2.38633876320821,0.0673365620365263
43.5368608353,3.6416665125,25.9828698825022,7.07767375252457,0.136709734545493
43.9535275003,3.6416665125,25.8160860581208,7.81012453456269,0.145499707424875
44.3701941653,3.6416665125,25.8160860581208,7.81012453456269,0.145499707424875
44.7868608303,3.6416665125,26.5641874664781,3.84504428045568,0.0922446424942641
45.2035274953,3.6416665125,27.7355223485978,1.69756237199328,0.053621996174135
45.6201941603,3.6416665125,27.2957332418885,1.77988109356826,0.0553546029327231
46.0368608253,3.6416665125,27.1376323119463,1.84374526644343,0.0566791676133175
46.4535274903,3.6416665125,27.0679181822424,1.85693500195434,0.0569506705136534
46.8701941553,3.6416665125,27.0679181822424,1.85693500195434,0.0569506705136534
10.2035276353,3.2249998475,25.3455046782205,11.3458357495155,0.183618560151114
10.6201943003,3.2249998475,24.3975178266126,26.049465403173,0.300196764703263
11.0368609653,3.2249998475,23.0226257288687,54.797254505614,0.445913366039868
11.4535276303,3.2249998475,23.369125692458,47.8756130211861,0.416641482293137
11.8701942953,3.2249998475,23.369125692458,47.8756130211861,0.416641482293137
12.2868609603,3.2249998475,23.574197527416,43.3643681096307,0.39593552489412
12.7035276253,3.2249998475,23.670355791858,41.2307013408173,0.385633779827713
13.1201942903,3.2249998475,23.5199936700826,44.0445629525992,0.399148345787342
13.5368609553,3.2249998475,23.5551927695344,42.9595358208849,0.394007277007938
13.9535276203,3.2249998475,23.8658748585238,36.6018668034865,0.36202169868821
14.3701942853,3.2249998475,23.8658748585238,36.6018668034865,0.36202169868821
14.7868609503,3.2249998475,24.0818715068231,32.1023408944059,0.337182058161437
15.2035276153,3.2249998475,23.9535896961628,34.4128681866586,0.350189228467868
15.6201942803,3.2249998475,24.1478721799793,30.6410424418749,0.328659158460533
16.0368609453,3.2249998475,24.5800814105199,23.0069190753394,0.279717857933581
16.4535276103,3.2249998475,24.3871519889899,26.6604551064075,0.304143728618898
16.8701942753,3.2249998475,24.3871519889899,26.6604551064075,0.304143728618898
17.2868609403,3.2249998475,24.8905995095097,18.6558398865841,0.247667391526803
17.7035276053,3.2249998475,25.0639773122315,16.2491766083298,0.228234839329577
18.1201942703,3.2249998475,25.4505947559795,11.7355423034526,0.187465391245544
18.5368609353,3.2249998475,25.8956804417435,7.81393000352874,0.145544430250935
18.9535276003,3.2249998475,26.2934136184203,5.53845666877029,0.116881989961564
19.3701942653,3.2249998475,26.2934136184203,5.53845666877029,0.116881989961564
19.7868609303,3.2249998475,25.9155614491239,7.63295852869997,0.143407116136636
20.2035275953,3.2249998475,25.733682093746,8.98034345540483,0.158835554839243
20.6201942603,3.2249998475,25.8419046148648,8.23966055218716,0.150489771558782
21.0368609253,3.2249998475,25.320424430359,12.6499141172171,0.19626328752995
21.4535275903,3.2249998475,25.2273711443575,13.5419168023123,0.204559990879701
21.8701942553,3.2249998475,25.2273711443575,13.5419168023123,0.204559990879701
22.2868609203,3.2249998475,25.0154128549615,16.1286401611373,0.227224327673296
22.7035275853,3.2249998475,25.0118686827471,16.3955371403504,0.229456797823377
23.1201942503,3.2249998475,25.2773653109241,13.0184199041005,0.199723643494484
23.5368609153,3.2249998475,25.3532887270135,12.0469844719948,0.190497043115607
23.9535275803,3.2249998475,25.1000629856652,15.1866371329046,0.219193548276451
24.3701942453,3.2249998475,25.1000629856652,15.1866371329046,0.219193548276451
24.7868609103,3.2249998475,24.8551630391024,18.6391948063918,0.247537568364975
25.2035275753,3.2249998475,24.5780865399076,23.0585004426738,0.280077213746904
25.6201942403,3.2249998475,24.3956414448759,26.3883332654704,0.302392291490397
26.0368609053,3.2249998475,24.2999878165303,28.2435984986143,0.314134554036293
26.4535275703,3.2249998475,24.6005358782868,23.3382074148605,0.282018203993748
26.8701942353,3.2249998475,24.6005358782868,23.3382074148605,0.282018203993748
27.2868609003,3.2249998475,24.2275010148627,30.1079719716286,0.325489467511677
27.7035275653,3.2249998475,24.2167103755671,30.5021300074554,0.32783636218182
28.1201942303,3.2249998475,24.3890471978458,27.8188832646482,0.311486816581999
28.5368608953,3.2249998475,24.2586697190295,29.9049073531078,0.324273238466835
28.9535275603,3.2249998475,24.4260078973392,28.1867895930463,0.313781748737073
29.3701942253,3.2249998475,24.4260078973392,28.1867895930463,0.313781748737073
29.7868608903,3.2249998475,24.1382845512481,32.6295164538705,0.340199042841213
30.2035275553,3.2249998475,23.7292526766625,37.3942381939926,0.366194631956455
30.6201942203,3.2249998475,22.8775515032933,42.8022192162284,0.393254689162215
31.0368608853,3.2249998475,25.5438040319091,13.6948276917437,0.205955648048131
31.4535275503,3.2249998475,25.9118301222544,10.3368066082811,0.173364826233393
31.8701942153,3.2249998475,25.9118301222544,10.3368066082811,0.173364826233393
32.2868608803,3.2249998475,26.0431933211379,10.2174354020058,0.172122091617827
32.7035275453,3.2249998475,24.6933240183554,25.8798759936643,0.299091879193435
33.1201942103,3.2249998475,23.9955836039321,34.5902934030021,0.35116550737522
33.5368608753,3.2249998475,22.5184411777905,47.3674692901681,0.414377822992808
33.9535275403,3.2249998475,21.7003800942176,47.0378168827145,0.412900305703096
34.3701942053,3.2249998475,21.7003800942176,47.0378168827145,0.412900305703096
34.7868608703,3.2249998475,25.5417371184647,12.5744058628056,0.195548365249404
35.2035275353,3.2249998475,28.3995469350903,1.69325793918632,0.0535305860007111
35.6201942003,3.2249998475,29.403178430634,1.68967369119101,0.0534544068902069
36.0368608653,3.2249998475,29.265345260664,1.68952313514945,0.0534512057377864
36.4535275303,3.2249998475,28.7191453443234,1.69090337850908,0.0534805489550035
36.8701941953,3.2249998475,28.7191453443234,1.69090337850908,0.0534805489550035
37.2868608603,3.2249998475,29.0214744087117,1.69003883263434,0.0534621701793366
37.7035275253,3.2249998475,25.0474755437848,15.6075961490756,0.222812079951519
38.1201941903,3.2249998475,25.4418101968989,11.2555362852518,0.182718500479511
38.5368608553,3.2249998475,25.2987865807104,13.1264503664179,0.200729203982498
38.9535275203,3.2249998475,23.9265218581146,32.0956845296899,0.337143772478264
39.3701941853,3.2249998475,23.9265218581146,32.0956845296899,0.337143772478264
39.7868608503,3.2249998475,24.3621176547076,25.3293018560965,0.295476242962743
40.2035275153,3.2249998475,25.4789605089846,10.706382370439,0.177171535581188
40.6201941803,3.2249998475,25.5288590941099,10.1256308450906,0.171161860993518
41.0368608453,3.2249998475,27.0278977817977,2.74256762421223,0.0738514670709527
41.4535275103,3.2249998475,27.2129820956223,2.37924600732256,0.0672033407761267
41.8701941753,3.2249998475,27.2129820956223,2.37924600732256,0.0672033407761267
42.2868608403,3.2249998475,28.6586283422102,1.68966774101896,0.0534542803783908
42.7035275053,3.2249998475,29.0463532167196,1.68883780378888,0.0534366328062964
43.1201941703,3.2249998475,26.8415309780979,3.64396637249114,0.0890576845441973
43.5368608353,3.2249998475,25.6156089663218,10.0704467840317,0.170582766364476
43.9535275003,3.2249998475,25.4342129640318,11.2230298148275,0.182393675431757
44.3701941653,3.2249998475,25.4342129640318,11.2230298148275,0.182393675431757
44.7868608303,3.2249998475,26.4506154676128,4.39723186612755,0.10067946934999
45.2035274953,3.2249998475,27.6929342602074,1.69964808473117,0.0536662593525619
45.6201941603,3.2249998475,27.2199499495192,1.83128257305076,0.0564219911665963
46.0368608253,3.2249998475,26.6668201226892,2.97407247164415,0.0779170746976925
46.4535274903,3.2249998475,26.4285863168985,3.87211628155637,0.0926687437170491
10.2035276353,2.8083331825,24.396654775266,25.9979068912096,0.299861292102198
10.6201943003,2.8083331825,22.8343160734537,59.6395405947746,0.464833053467039
11.0368609653,2.8083331825,23.2729272253215,51.4962355684878,0.432303120161823
11.4535276303,2.8083331825,23.3915342268675,48.6052209333054,0.419862728610617
11.8701942953,2.8083331825,23.3915342268675,48.6052209333054,0.419862728610617
12.2868609603,2.8083331825,23.5459162293959,45.0040445240731,0.403623961258056
12.7035276253,2.8083331825,23.5601979923049,44.5265393684424,0.401404734577779
13.1201942903,2.8083331825,23.9217775506431,36.1673195778373,0.359708865635743
13.5368609553,2.8083331825,23.9815175230686,34.6648603413577,0.35157488211636
13.9535276203,2.8083331825,24.1268753944353,31.5127322836365,0.333771946710257
14.3701942853,2.8083331825,24.1268753944353,31.5127322836365,0.333771946710257
14.7868609503,2.8083331825,23.9674109769647,34.7415759125015,0.351995481831783
15.2035276153,2.8083331825,24.5997907583665,21.8901575545723,0.271826743487775
15.6201942803,2.8083331825,24.7403729875556,19.8658348184267,0.256947670071759
16.0368609453,2.8083331825,25.1441135008272,14.2062916092284,0.210570012269625
16.4535276103,2.8083331825,24.7687391599788,19.8814232681951,0.257065261011206
16.8701942753,2.8083331825,24.7687391599788,19.8814232681951,0.257065261011206
17.2868609403,2.8083331825,25.302265404398,12.7290655820471,0.197010536117719
17.7035276053,2.8083331825,25.4308320343191,11.3962985041904,0.184120103249474
18.1201942703,2.8083331825,25.6416092080835,9.49232743202773,0.164427802256131
18.5368609353,2.8083331825,25.4828334033717,10.9690032094998,0.179840176369156
18.9535276003,2.8083331825,25.2247469549844,13.8937275932101,0.2077598546865
19.3701942653,2.8083331825,25.2247469549844,13.8937275932101,0.2077598546865
19.7868609303,2.8083331825,25.2228179670017,13.7871144583641,0.206794338260765
20.2035275953,2.8083331825,25.2908919259713,13.0815048913611,0.200311327922356
20.6201942603,2.8083331825,25.3241288837542,12.6696767252424,0.196450068436788
21.0368609253,2.8083331825,25.2874879372768,12.8513831312012,0.198160979646646
21.4535275903,2.8083331825,25.2032694065866,13.7488195308104,0.206446648941004
21.8701942553,2.8083331825,25.2032694065866,13.7488195308104,0.206446648941004
22.2868609203,2.8083331825,25.1365365568986,14.4246316711578,0.212515234078188
22.7035275853,2.8083331825,25.0673048480605,15.3494468458431,0.220598872148841
23.1201942503,2.8083331825,25.2715405739569,12.7443197151604,0.197154292833748
23.5368609153,2.8083331825,25.2388900400187,13.0433025416187,0.199955606063843
23.9535275803,2.8083331825,25.1403502179068,14.1982807075364,0.210498366099702
24.3701942453,2.8083331825,25.1403502179068,14.1982807075364,0.210498366099702
24.7868609103,2.8083331825,25.1471819849824,14.2787520094404,0.211217176786644
25.2035275753,2.8083331825,24.4100790072545,25.6211206052617,0.297398112570629
25.6201942403,2.8083331825,24.1343528666563,30.5038583364712,0.327846613038997
26.0368609053,2.8083331825,23.8971837388379,35.5347961177883,0.356310819801014
26.4535275703,2.8083331825,23.6987928238136,39.3402300283137,0.376208501811135
26.8701942353,2.8083331825,23.6987928238136,39.3402300283137,0.376208501811135
27.2868609003,2.8083331825,23.4006446278984,44.2183316505537,0.399963761857245
27.7035275653,2.8083331825,23.288517034345,45.7282235478952,0.40695929690731
28.1201942303,2.8083331825,23.1955344313437,46.7002289024145,0.411379803413497
28.5368608953,2.8083331825,23.1155556760639,47.6354923881154,0.415573886251118
28.9535275603,2.8083331825,22.3219790017195,52.1724780101945,0.435141323820183
29.3701942253,2.8083331825,22.3219790017195,52.1724780101945,0.435141323820183
29.7868608903,2.8083331825,21.6825157680072,49.2901986467583,0.422856380694394
30.2035275553,2.8083331825,21.5010830531216,46.8393357841758,0.412007257025609
30.6201942203,2.8083331825,21.0305504907789,43.32730343291,0.395759485266463
31.0368608853,2.8083331825,25.785492386339,9.72557443359908,0.166930793411933
31.4535275503,2.8083331825,24.5976503414995,26.6214435930386,0.303893272684331
31.8701942153,2.8083331825,24.5976503414995,26.6214435930386,0.303893272684331
32.2868608803,2.8083331825,23.7962842101629,37.4405919982947,0.366437000577375
32.7035275453,2.8083331825,23.8240987974722,36.9147930894141,0.363676477954367
33.1201942103,2.8083331825,24.0343603188631,33.8320178162795,0.346971117879198
33.5368608753,2.8083331825,23.5966753260131,36.688330785282,0.362479820565498
33.9535275403,2.8083331825,24.0611321796559,30.8736494229084,0.330031937087044
34.3701942053,2.8083331825,24.0611321796559,30.8736494229084,0.330031937087044
34.7868608703,2.8083331825,23.3032058473856,37.8616758747077,0.368629985803167
35.2035275353,2.8083331825,27.6032653022697,2.77391419881473,0.0744092615927244
35.6201942003,2.8083331825,28.4917440905525,1.69301246526043,0.0535253705597662
36.0368608653,2.8083331825,29.7556878533028,1.68935054920423,0.053447536056573
36.4535275303,2.8083331825,29.1243945559256,1.68967095785666,0.0534543487744124
36.8701941953,2.8083331825,29.1243945559256,1.68967095785666,0.0534543487744124
37.2868608603,2.8083331825,28.7093147398353,1.69112847298434,0.0534853335333622
37.7035275253,2.8083331825,28.2930119044003,1.69466871705858,0.0535605547683814
38.1201941903,2.8083331825,26.5833554897983,3.70851863928817,0.0900880232593447
38.5368608553,2.8083331825,26.9510236527127,2.76595425358411,0.074267842172723
38.9535275203,2.8083331825,26.7206175135537,3.37381236021184,0.0846673716549479
39.3701941853,2.8083331825,26.7206175135537,3.37381236021184,0.0846673716549479
39.7868608503,2.8083331825,26.3377116131682,4.89750093108632,0.10796712904283
40.2035275153,2.8083331825,26.3230574488096,4.94159834284323,0.108594957630067
40.6201941803,2.8083331825,26.9120154730843,2.95880295216896,0.0776526536149237
41.0368608453,2.8083331825,27.5230666482366,1.9443598238877,0.058733112010121
41.4535275103,2.8083331825,26.7615349463989,3.89185111791361,0.0929771796980746
41.8701941753,2.8083331825,26.7615349463989,3.89185111791361,0.0929771796980746
42.2868608403,2.8083331825,27.9247550010118,1.70336120848779,0.0537450118628117
42.7035275053,2.8083331825,27.9386257043328,1.7041027177511,0.0537607313963522
43.1201941703,2.8083331825,26.8717960051192,3.28673775932074,0.0832239730104636
43.5368608353,2.8083331825,27.3075269792483,2.05438728588232,0.0609359384750073
43.9535275003,2.8083331825,27.5986205902014,1.72703110565352,0.0542456059942469
44.3701941653,2.8083331825,27.5986205902014,1.72703110565352,0.0542456059942469
44.7868608303,2.8083331825,27.6982927779693,1.70395369956607,0.0537575724990258
45.2035274953,2.8083331825,27.1417566486825,1.96952265350239,0.059240768303132
45.6201941603,2.8083331825,26.3719930808134,4.04695603199318,0.0953805269511081
46.0368608253,2.8083331825,26.5011698419914,3.51807054986609,0.0870278152463402
10.2035276353,2.3916665175,23.9698396327422,35.9023123760724,0.358289777060579
10.6201943003,2.3916665175,23.0795399749952,56.1964033121581,0.451502918204501
11.0368609653,2.3916665175,23.4290101961794,48.5361607248955,0.419559273441922
11.4535276303,2.3916665175,23.6309735683323,43.4617559365504,0.396397590794714
11.8701942953,2.3916665175,23.6309735683323,43.4617559365504,0.396397590794714
12.2868609603,2.3916665175,23.7501536628644,40.5727657126963,0.382386214393139
12.7035276253,2.3916665175,23.8385591399032,38.4670043313658,0.371755313724286
13.1201942903,2.3916665175,24.0825806038938,32.6994219933441,0.340596871586196
13.5368609553,2.3916665175,24.0244366965445,33.8397594315341,0.347014232741288
13.9535276203,2.3916665175,23.8882203806962,36.8147234677649,0.363148272203944
14.3701942853,2.3916665175,23.8882203806962,36.8147234677649,0.363148272203944
14.7868609503,2.3916665175,24.4253200517387,25.2469885226333,0.294931879318482
15.2035276153,2.3916665175,24.7692942827036,18.9525436231615,0.249971491919413
15.6201942803,2.3916665175,24.8748922560599,17.5943944548725,0.23926513889798
16.0368609453,2.3916665175,25.2237974752581,13.1072230165547,0.20055052340855
16.4535276103,2.3916665175,25.0348143221081,15.7802149736419,0.224281864357626
16.8701942753,2.3916665175,25.0348143221081,15.7802149736419,0.224281864357626
17.2868609403,2.3916665175,25.3675994813759,11.9714212054086,0.189764894723574
17.7035276053,2.3916665175,25.5527844076105,10.1600387354923,0.171522210668048
18.1201942703,2.3916665175,25.6598109176131,9.20199332438888,0.161273506853314
18.5368609353,2.3916665175,25.4910614033025,10.7641085361863,0.177760674867973
18.9535276003,2.3916665175,25.4882739316978,10.9877493666833,0.180029539101313
19.3701942653,2.3916665175,25.4882739316978,10.9877493666833,0.180029539101313
19.7868609303,2.3916665175,25.527642578612,10.5761423503102,0.175836977051683
20.2035275953,2.3916665175,25.6129353896543,9.76115836875427,0.167310271099787
20.6201942603,2.3916665175,25.6234356945876,9.58479977080425,0.165423388264911
21.0368609253,2.3916665175,25.5665391881243,9.8906767582543,0.168686272369714
21.4535275903,2.3916665175,25.733490181727,8.42896375109973,0.152653006360853
21.8701942553,2.3916665175,25.733490181727,8.42896375109973,0.152653006360853
22.2868609203,2.3916665175,25.8035926458513,7.88776434706514,0.146410299600163
22.7035275853,2.3916665175,25.7520297451924,8.26933946751413,0.150830343491724
23.1201942503,2.3916665175,25.2091315585928,13.3835169279334,0.203106214110564
23.5368609153,2.3916665175,24.8528141186281,18.1090283791025,0.243370635607218
23.9535275803,2.3916665175,24.6593729693961,20.8941795415965,0.26460269230032
24.3701942453,2.3916665175,24.6593729693961,20.8941795415965,0.26460269230032
24.7868609103,2.3916665175,24.7417031735366,19.5724269232401,0.254725205452805
25.2035275753,2.3916665175,24.6655212095665,21.1742359804942,0.26665240562181
25.6201942403,2.3916665175,24.3253695596159,27.2755409804837,0.308065091765962
26.0368609053,2.3916665175,24.0843985894494,32.0114574517907,0.336658903506243
26.4535275703,2.3916665175,23.9426672809589,34.9657840621085,0.353221417816563
26.8701942353,2.3916665175,23.9426672809589,34.9657840621085,0.353221417816563
27.2868609003,2.3916665175,23.3041914990516,46.52177609717,0.410572991960902
27.7035275653,2.3916665175,23.092526010966,49.3550859760541,0.423138453273903
28.1201942303,2.3916665175,22.8771755740628,51.6907496396802,0.433122211572999
28.5368608953,2.3916665175,22.6950073604775,52.9783524015489,0.43848941075485
28.9535275603,2.3916665175,22.0652489971768,55.0801405016098,0.447051835771826
29.3701942253,2.3916665175,22.0652489971768,55.0801405016098,0.447051835771826
29.7868608903,2.3916665175,21.5007354661476,52.2042089413888,0.435273851953409
30.2035275553,2.3916665175,20.3874932789589,40.8721185124244,0.383868073098275
30.6201942203,2.3916665175,18.9760058743025,22.8614493721566,0.278702011027289
31.0368608853,2.3916665175,25.4821345455899,11.6982886071068,0.18710025125287
31.4535275503,2.3916665175,24.7914850772979,22.3906936753849,0.275390109573331
31.8701942153,2.3916665175,24.7914850772979,22.3906936753849,0.275390109573331
32.2868608803,2.3916665175,23.7198645791052,38.6324682683481,0.372604102221254
32.7035275453,2.3916665175,23.5113241331253,41.2463487795913,0.385710599301431
33.1201942103,2.3916665175,23.6102371582504,39.3211868551862,0.376112072685273
33.5368608753,2.3916665175,23.9801876729498,34.3149729380104,0.349649224112402
33.9535275403,2.3916665175,23.7381267872309,35.9933785175575,0.358778169145575
34.3701942053,2.3916665175,23.7381267872309,35.9933785175575,0.358778169145575
34.7868608703,2.3916665175,23.227982101291,39.1288867688111,0.375136621024259
35.2035275353,2.3916665175,26.2343531376397,8.38491053475818,0.152151502077254
35.6201942003,2.3916665175,27.414611365665,3.64428323984837,0.0890627592332897
36.0368608653,2.3916665175,29.2586732943226,1.69021638415596,0.0534659448952347
36.4535275303,2.3916665175,28.1421788130187,1.69385135197569,0.0535431927861285
36.8701941953,2.3916665175,28.1421788130187,1.69385135197569,0.0535431927861285
37.2868608603,2.3916665175,27.3002950349266,1.99560065648221,0.0597644305763944
37.7035275253,2.3916665175,26.2763015414178,4.66240651208232,0.104581149207369
38.1201941903,2.3916665175,25.9455587539042,6.04884438132959,0.123683907330262
38.5368608553,2.3916665175,27.5040726928273,1.88367101165235,0.0574989062697252
38.9535275203,2.3916665175,27.3658106871527,1.99627681490747,0.0597779753502011
39.3701941853,2.3916665175,27.3658106871527,1.99627681490747,0.0597779753502011
39.7868608503,2.3916665175,27.2314165817595,2.18884632186484,0.0635708222764476
40.2035275153,2.3916665175,26.8395660188736,3.12320245736639,0.0804732714773371
40.6201941803,2.3916665175,27.3375745580809,2.12806355820057,0.0623872004433176
41.0368608453,2.3916665175,28.1453759782357,1.69435871223156,0.0535539701806674
41.4535275103,2.3916665175,28.1142870228885,1.69402844088466,0.0535469546557179
41.8701941753,2.3916665175,28.1142870228885,1.69402844088466,0.0535469546557179
42.2868608403,2.3916665175,28.5944196646165,1.68928477360032,0.0534461374401084
42.7035275053,2.3916665175,27.9171720193474,1.70198808806292,0.05371589614488
43.1201941703,2.3916665175,27.380203946452,1.96529398230064,0.0591556193625544
43.5368608353,2.3916665175,27.5090815810002,1.75940030396396,0.0549262479564517
43.9535275003,2.3916665175,27.5764098949579,1.71900986235419,0.0540762397869317
44.3701941653,2.3916665175,27.5764098949579,1.71900986235419,0.0540762397869317
44.7868608303,2.3916665175,27.4432859156183,1.74316791899851,0.0545854846654238
45.2035274953,2.3916665175,26.4713483380358,3.71945850582453,0.0902619511104427
45.6201941603,2.3916665175,26.3303494886671,4.22190244248731,0.0980486397007203
9.78686097028,1.9749998525,24.9984972430845,15.5856225147644,0.222624403360506
10.2035276353,1.9749998525,23.2768780503673,52.5358693025165,0.436655630792467
10.6201943003,1.9749998525,22.9960840392946,58.5538613933518,0.460693163662556
11.0368609653,1.9749998525,23.2388828447874,52.9649859683778,0.438434177924727
11.4535276303,1.9749998525,23.4260463830411,48.3641400458322,0.41880209242656
11.8701942953,1.9749998525,23.4260463830411,48.3641400458322,0.41880209242656
12.2868609603,1.9749998525,23.6434917979446,43.181687575442,0.395066900968384
12.7035276253,1.9749998525,23.8842550677058,37.4803452085194,0.366644704528825
13.1201942903,1.9749998525,24.3154523375185,27.8003438058042,0.311370704995985
13.5368609553,1.9749998525,24.3505325921628,26.9016324079364,0.305687449644912
13.9535276203,1.9749998525,24.1260358112487,31.8602726970299,0.335786636510081
14.3701942853,1.9749998525,24.1260358112487,31.8602726970299,0.335786636510081
14.7868609503,1.9749998525,24.5430361839541,23.0296895417951,0.279876549241934
15.2035276153,1.9749998525,24.7753423954161,18.8279001960982,0.24900585911328
15.6201942803,1.9749998525,25.1743514594104,13.3890984154914,0.203157580441349
16.0368609453,1.9749998525,25.2600519681429,12.5349996750939,0.195174454993117
16.4535276103,1.9749998525,25.2310508213688,13.1389356483594,0.200845163267436
16.8701942753,1.9749998525,25.2310508213688,13.1389356483594,0.200845163267436
17.2868609403,1.9749998525,25.4789548431547,10.734214952495,0.177455769240181
17.7035276053,1.9749998525,25.6623061715702,9.09922282134299,0.160146395609186
18.1201942703,1.9749998525,25.708836915775,8.71014269561616,0.155827329121179
18.5368609353,1.9749998525,25.546865181573,10.2647618154218,0.172615575472841
18.9535276003,1.9749998525,25.8173742203793,8.04388896815709,0.148229756116812
19.3701942653,1.9749998525,25.8173742203793,8.04388896815709,0.148229756116812
19.7868609303,1.9749998525,25.8698449559109,7.66289372862628,0.143762148993878
20.2035275953,1.9749998525,25.6833251911859,9.07481671744884,0.15987789946784
20.6201942603,1.9749998525,25.6056260246109,9.68766393660142,0.166525818319392
21.0368609253,1.9749998525,25.6319638561241,9.26672860894308,0.161980608510889
21.4535275903,1.9749998525,25.4144303462276,11.2025904841934,0.18218921018766
21.8701942553,1.9749998525,25.4144303462276,11.2025904841934,0.18218921018766
22.2868609203,1.9749998525,25.2545399261723,12.8675550401968,0.198312692392444
22.7035275853,1.9749998525,25.4676096803613,10.6563856316645,0.176660105371119
23.1201942503,1.9749998525,25.5129916049435,10.0728867398401,0.170608401223223
23.5368609153,1.9749998525,25.017387375197,15.5711315363497,0.222500564061019
23.9535275803,1.9749998525,24.7983327093528,18.7169639710177,0.24814361235874
24.3701942453,1.9749998525,24.7983327093528,18.7169639710177,0.24814361235874
24.7868609103,1.9749998525,24.600925327196,21.8701153028798,0.271683143314681
25.2035275753,1.9749998525,24.8916827053624,17.5922182455404,0.239247648183751
25.6201942403,1.9749998525,24.8201767861187,18.7640458106797,0.248509877949766
26.0368609053,1.9749998525,24.6285906405907,22.0714157673753,0.273122207515835
26.4535275703,1.9749998525,24.5051112304879,24.3579225425703,0.288987408756087
26.8701942353,1.9749998525,24.5051112304879,24.3579225425703,0.288987408756087
27.2868609003,1.9749998525,23.7924855322912,38.1109769560767,0.369920989309611
27.7035275653,1.9749998525,23.3317059014087,46.5264506035515,0.410594153189904
28.1201942303,1.9749998525,22.9062920263951,52.7512587788016,0.437549648640279
28.5368608953,1.9749998525,22.4790378629435,56.4364520081352,0.452451614302089
28.9535275603,1.9749998525,22.2156134040433,56.4413263437681,0.452470847350615
29.3701942253,1.9749998525,22.2156134040433,56.4413263437681,0.452470847350615
29.7868608903,1.9749998525,21.6689779093616,54.6259456301128,0.445221852430359
30.2035275553,1.9749998525,20.3200418150149,43.3084837548351,0.395670062105624
30.6201942203,1.9749998525,19.2709790436384,28.0819536625545,0.313129586971157
31.0368608853,1.9749998525,25.0379570211402,16.4635355993171,0.230022646851592
31.4535275503,1.9749998525,23.3215511125727,44.45160726574,0.401055023814059
31.8701942153,1.9749998525,23.3215511125727,44.45160726574,0.401055023814059
32.2868608803,1.9749998525,23.3041030145405,43.8417238190398,0.39819376957565
32.7035275453,1.9749998525,23.714502967316,38.9709403394477,0.374333106968416
33.1201942103,1.9749998525,23.6107434814395,40.6509739560339,0.382774051421858
33.5368608753,1.9749998525,23.4907578642347,41.2629886804025,0.38579227010679
33.9535275403,1.9749998525,24.1036009673675,32.8835442055837,0.341642222482008
34.3701942053,1.9749998525,24.1036009673675,32.8835442055837,0.341642222482008
34.7868608703,1.9749998525,23.4164014439464,38.0016682872597,0.369355603475159
35.2035275353,1.9749998525,23.3679024449727,35.0339991981758,0.353593435274402
35.6201942003,1.9749998525,26.2237129526911,8.33096378874818,0.151535800529151
36.0368608653,1.9749998525,29.1287901471892,1.69038260767732,0.0534694786521122
36.4535275303,1.9749998525,27.2345075133816,2.77865690370513,0.0744934504284566
36.8701941953,1.9749998525,27.2345075133816,2.77865690370513,0.0744934504284566
37.2868608603,1.9749998525,25.5390879147371,8.53494043005698,0.153854780312654
37.7035275253,1.9749998525,27.1429331093472,2.20069354045103,0.0638001251858376
38.1201941903,1.9749998525,27.6701612724021,1.7698105413195,0.0551441985568508
38.5368608553,1.9749998525,28.0549935176995,1.70291880981525,0.0537356321289585
38.9535275203,1.9749998525,27.8330418998521,1.71941969208258,0.0540849000262059
39.3701941853,1.9749998525,27.8330418998521,1.71941969208258,0.0540849000262059
39.7868608503,1.9749998525,27.7896124342799,1.72525832634799,0.0542081984056346
40.2035275153,1.9749998525,27.7749949612185,1.73113646808557,0.0543321812384876
40.6201941803,1.9749998525,28.0853331827021,1.69682186224793,0.053606276364894
41.0368608453,1.9749998525,28.7402081828856,1.68921098630149,0.0534445684443315
41.4535275103,1.9749998525,28.4893416557757,1.68972202359738,0.0534554345219418
41.8701941753,1.9749998525,28.4893416557757,1.68972202359738,0.0534554345219418
42.2868608403,1.9749998525,28.5499612150225,1.68933809468438,0.053447271231959
42.7035275053,1.9749998525,28.2066622622713,1.69106767618712,0.0534840412669846
43.1201941703,1.9749998525,27.6370038516819,1.72161179420396,0.0541312095587921
43.5368608353,1.9749998525,27.5196321812845,1.73226776725156,0.0543560256066642
43.9535275003,1.9749998525,27.241370895731,1.87954213381147,0.0574144244295813
44.3701941653,1.9749998525,27.241370895731,1.87954213381147,0.0574144244295813
44.7868608303,1.9749998525,26.8421700479187,2.60280938815619,0.0713351265072544
9.78686097028,1.5583331875,24.9984972430845,15.5856225147644,0.222624403360506
10.2035276353,1.5583331875,23.2768780503673,52.5358693025165,0.436655630792467
10.6201943003,1.5583331875,22.9960840392946,58.5538613933518,0.460693163662556
11.0368609653,1.5583331875,23.2388828447874,52.9649859683778,0.438434177924727
11.4535276303,1.5583331875,23.4260463830411,48.3641400458322,0.41880209242656
11.8701942953,1.5583331875,23.4260463830411,48.3641400458322,0.41880209242656
12.2868609603,1.5583331875,23.6434917979446,43.181687575442,0.395066900968384
12.7035276253,1.5583331875,23.8842550677058,37.4803452085194,0.366644704528825
13.1201942903,1.5583331875,24.3154523375185,27.8003438058042,0.311370704995985
13.5368609553,1.5583331875,24.3505325921628,26.9016324079364,0.305687449644912
13.9535276203,1.5583331875,24.1260358112487,31.8602726970299,0.335786636510081
14.3701942853,1.5583331875,24.1260358112487,31.8602726970299,0.335786636510081
14.7868609503,1.5583331875,24.5430361839541,23.0296895417951,0.279876549241934
15.2035276153,1.5583331875,24.7753423954161,18.8279001960982,0.24900585911328
15.6201942803,1.5583331875,25.1743514594104,13.3890984154914,0.203157580441349
16.0368609453,1.5583331875,25.2600519681429,12.5349996750939,0.195174454993117
16.4535276103,1.5583331875,25.2310508213688,13.1389356483594,0.200845163267436
16.8701942753,1.5583331875,25.2310508213688,13.1389356483594,0.200845163267436
17.2868609403,1.5583331875,25.4789548431547,10.734214952495,0.177455769240181
17.7035276053,1.5583331875,25.6623061715702,9.09922282134299,0.160146395609186
18.1201942703,1.5583331875,25.708836915775,8.71014269561616,0.155827329121179
18.5368609353,1.5583331875,25.546865181573,10.2647618154218,0.172615575472841
18.9535276003,1.5583331875,25.8173742203793,8.04388896815709,0.148229756116812
19.3701942653,1.5583331875,25.8173742203793,8.04388896815709,0.148229756116812
19.7868609303,1.5583331875,25.8698449559109,7.66289372862628,0.143762148993878
20.2035275953,1.5583331875,25.6833251911859,9.07481671744884,0.15987789946784
20.6201942603,1.5583331875,25.6056260246109,9.68766393660142,0.166525818319392
21.0368609253,1.5583331875,25.6319638561241,9.26672860894308,0.161980608510889
21.4535275903,1.5583331875,25.4144303462276,11.2025904841934,0.18218921018766
21.8701942553,1.5583331875,25.4144303462276,11.2025904841934,0.18218921018766
22.2868609203,1.5583331875,25.2545399261723,12.8675550401968,0.198312692392444
22.7035275853,1.5583331875,25.4676096803613,10.6563856316645,0.176660105371119
23.1201942503,1.5583331875,25.5129916049435,10.0728867398401,0.170608401223223
23.5368609153,1.5583331875,25.017387375197,15.5711315363497,0.222500564061019
23.9535275803,1.5583331875,24.7983327093528,18.7169639710177,0.24814361235874
24.3701942453,1.5583331875,24.7983327093528,18.7169639710177,0.24814361235874
24.7868609103,1.5583331875,24.600925327196,21.8701153028798,0.271683143314681
25.2035275753,1.5583331875,24.8916827053624,17.5922182455404,0.239247648183751
25.6201942403,1.5583331875,24.8201767861187,18.7640458106797,0.248509877949766
26.0368609053,1.5583331875,24.6285906405907,22.0714157673753,0.273122207515835
26.4535275703,1.5583331875,24.5051112304879,24.3579225425703,0.288987408756087
26.8701942353,1.5583331875,24.5051112304879,24.3579225425703,0.288987408756087
27.2868609003,1.5583331875,23.7924855322912,38.1109769560767,0.369920989309611
27.7035275653,1.5583331875,23.3317059014087,46.5264506035515,0.410594153189904
28.1201942303,1.5583331875,22.9062920263951,52.7512587788016,0.437549648640279
28.5368608953,1.5583331875,22.4790378629435,56.4364520081352,0.452451614302089
28.9535275603,1.5583331875,22.2156134040433,56.4413263437681,0.452470847350615
29.3701942253,1.5583331875,22.2156134040433,56.4413263437681,0.452470847350615
29.7868608903,1.5583331875,21.6689779093616,54.6259456301128,0.445221852430359
30.2035275553,1.5583331875,20.3200418150149,43.3084837548351,0.395670062105624
30.6201942203,1.5583331875,19.2709790436384,28.0819536625545,0.313129586971157
31.0368608853,1.5583331875,25.0379570211402,16.4635355993171,0.230022646851592
31.4535275503,1.5583331875,23.3215511125727,44.45160726574,0.401055023814059
31.8701942153,1.5583331875,23.3215511125727,44.45160726574,0.401055023814059
32.2868608803,1.5583331875,23.3041030145405,43.8417238190398,0.39819376957565
32.7035275453,1.5583331875,23.714502967316,38.9709403394477,0.374333106968416
33.1201942103,1.5583331875,23.6107434814395,40.6509739560339,0.382774051421858
33.5368608753,1.5583331875,23.4907578642347,41.2629886804025,0.38579227010679
33.9535275403,1.5583331875,24.1036009673675,32.8835442055837,0.341642222482008
34.3701942053,1.5583331875,24.1036009673675,32.8835442055837,0.341642222482008
34.7868608703,1.5583331875,23.4164014439464,38.0016682872597,0.369355603475159
35.2035275353,1.5583331875,23.3679024449727,35.0339991981758,0.353593435274402
35.6201942003,1.5583331875,26.2237129526911,8.33096378874818,0.151535800529151
36.0368608653,1.5583331875,29.1287901471892,1.69038260767732,0.0534694786521122
36.4535275303,1.5583331875,27.2345075133816,2.77865690370513,0.0744934504284566
36.8701941953,1.5583331875,27.2345075133816,2.77865690370513,0.0744934504284566
37.2868608603,1.5583331875,25.5390879147371,8.53494043005698,0.153854780312654
37.7035275253,1.5583331875,27.1429331093472,2.20069354045103,0.0638001251858376
38.1201941903,1.5583331875,27.6701612724021,1.7698105413195,0.0551441985568508
38.5368608553,1.5583331875,28.0549935176995,1.70291880981525,0.0537356321289585
38.9535275203,1.5583331875,27.8330418998521,1.71941969208258,0.0540849000262059
39.3701941853,1.5583331875,27.8330418998521,1.71941969208258,0.0540849000262059
39.7868608503,1.5583331875,27.7896124342799,1.72525832634799,0.0542081984056346
40.2035275153,1.5583331875,27.7749949612185,1.73113646808557,0.0543321812384876
40.6201941803,1.5583331875,28.0853331827021,1.69682186224793,0.053606276364894
41.0368608453,1.5583331875,28.7402081828856,1.68921098630149,0.0534445684443315
41.4535275103,1.5583331875,28.4893416557757,1.68972202359738,0.0534554345219418
41.8701941753,1.5583331875,28.4893416557757,1.68972202359738,0.0534554345219418
42.2868608403,1.5583331875,28.5499612150225,1.68933809468438,0.053447271231959
42.7035275053,1.5583331875,28.2066622622713,1.69106767618712,0.0534840412669846
43.1201941703,1.5583331875,27.6370038516819,1.72161179420396,0.0541312095587921
43.5368608353,1.5583331875,27.5196321812845,1.73226776725156,0.0543560256066642
43.9535275003,1.5583331875,27.241370895731,1.87954213381147,0.0574144244295813
44.3701941653,1.5583331875,27.241370895731,1.87954213381147,0.0574144244295813
9.78686097028,1.1416665225,24.7982971296773,18.4912527355306,0.246381039066031
10.2035276353,1.1416665225,22.5654017083534,63.8800031732165,0.480475815573866
10.6201943003,1.1416665225,22.3040849930808,67.1138828988035,0.49187593770064
11.0368609653,1.1416665225,22.9437879205217,58.8613297264243,0.461871392954829
11.4535276303,1.1416665225,23.1657951247771,54.3010445918889,0.443905995233286
11.8701942953,1.1416665225,23.1657951247771,54.3010445918889,0.443905995233286
12.2868609603,1.1416665225,23.7912974389195,39.9412522321264,0.379236459396968
12.7035276253,1.1416665225,24.1385528764025,31.8065387776008,0.335476012670065
13.1201942903,1.1416665225,24.395183408828,26.2354799600361,0.301403958662966
13.5368609553,1.1416665225,24.378501182489,26.5265331652992,0.303283062974974
13.9535276203,1.1416665225,24.3037085776694,28.1301113301906,0.313429341334093
14.3701942853,1.1416665225,24.3037085776694,28.1301113301906,0.313429341334093
14.7868609503,1.1416665225,23.864091988171,37.7728274862284,0.368168569877577
15.2035276153,1.1416665225,24.2592064320053,28.4756472649643,0.315571380765748
15.6201942803,1.1416665225,24.8613506320723,17.5026547567487,0.23852684166864
16.0368609453,1.1416665225,25.2660943699708,12.4473620079077,0.194340896592591
16.4535276103,1.1416665225,25.3308985794161,11.9071583458975,0.189140533433466
16.8701942753,1.1416665225,25.3308985794161,11.9071583458975,0.189140533433466
17.2868609403,1.1416665225,25.5117054791563,10.3827332035048,0.173841215673479
17.7035276053,1.1416665225,25.668810650031,8.97323647432695,0.15875694624637
18.1201942703,1.1416665225,25.8052810582625,7.89721529519342,0.146520879760875
18.5368609353,1.1416665225,25.7303818622777,8.65127485211117,0.155166512590196
18.9535276003,1.1416665225,25.7682954238746,8.33110203216919,0.151537380538226
19.3701942653,1.1416665225,25.7682954238746,8.33110203216919,0.151537380538226
19.7868609303,1.1416665225,25.5655242197921,10.0503403669896,0.170371415765667
20.2035275953,1.1416665225,25.4305128526783,11.3231658490275,0.183392910549399
20.6201942603,1.1416665225,25.3943294048694,11.5894310737697,0.186030174638503
21.0368609253,1.1416665225,25.242319668099,13.1128285261637,0.200602628571376
21.4535275903,1.1416665225,25.1532437623677,14.0078208741172,0.208789149152152
21.8701942553,1.1416665225,25.1532437623677,14.0078208741172,0.208789149152152
22.2868609203,1.1416665225,25.0917814124512,14.4834361499744,0.213036671810397
22.7035275853,1.1416665225,25.0553167370582,15.0219461907577,0.217764391371358
23.1201942503,1.1416665225,25.7286455297161,8.12757502364256,0.149198728713508
23.5368609153,1.1416665225,25.5198410506537,9.8393755592095,0.168142224312873
23.9535275803,1.1416665225,25.1107611887453,14.2727237783936,0.211163398003493
24.3701942453,1.1416665225,25.1107611887453,14.2727237783936,0.211163398003493
24.7868609103,1.1416665225,24.8710362170357,17.4717034966323,0.23827730745177
25.2035275753,1.1416665225,24.8383360303901,18.5142364442163,0.246561027316384
25.6201942403,1.1416665225,24.7107974031182,20.6675445969118,0.262933167970191
26.0368609053,1.1416665225,24.4962429717024,24.5085335624467,0.290002886876841
26.4535275703,1.1416665225,24.4424079130831,25.5712360545985,0.297070462811959
26.8701942353,1.1416665225,24.4424079130831,25.5712360545985,0.297070462811959
27.2868609003,1.1416665225,24.0911287422629,32.2720510160991,0.338156563231231
27.7035275653,1.1416665225,23.8772630206781,36.5697377637269,0.361851291204868
28.1201942303,1.1416665225,23.4229598151689,45.3374943247354,0.405164226967044
28.5368608953,1.1416665225,22.9384091613335,52.9906859317444,0.438540366523476
28.9535275603,1.1416665225,22.4316346333531,55.2676018752315,0.447803921590962
29.3701942253,1.1416665225,22.4316346333531,55.2676018752315,0.447803921590962
29.7868608903,1.1416665225,22.1513120379279,55.7580746864885,0.44976288481573
30.2035275553,1.1416665225,21.6972910057413,57.5630170400543,0.456864537416788
30.6201942203,1.1416665225,25.3265775147259,12.3642081230264,0.193547418619401
31.0368608853,1.1416665225,22.5478439554383,56.6035903239987,0.453110407532317
31.4535275503,1.1416665225,22.9470787175415,47.6500546259252,0.415638737245343
31.8701942153,1.1416665225,22.9470787175415,47.6500546259252,0.415638737245343
32.2868608803,1.1416665225,23.1241068597193,45.088928774617,0.404016790990235
32.7035275453,1.1416665225,23.5820888677695,40.8797844946129,0.383905927649271
33.1201942103,1.1416665225,23.8502279619526,37.088368300659,0.364590522781389
33.5368608753,1.1416665225,23.3367451113767,45.0426431376518,0.403802651328557
33.9535275403,1.1416665225,23.2219753373,44.5876121391001,0.401689469092879
34.3701942053,1.1416665225,23.2219753373,44.5876121391001,0.401689469092879
34.7868608703,1.1416665225,20.4074147909002,38.1315073565954,0.370027064283199
35.2035275353,1.1416665225,19.8233728298839,32.9327844173997,0.34192117640658
35.6201942003,1.1416665225,24.5326216045476,22.6002638147711,0.276869155725675
36.0368608653,1.1416665225,27.4622316084616,2.70322367267369,0.0731479953721195
36.4535275303,1.1416665225,23.7614149207494,37.3607440932069,0.366019383241874
36.8701941953,1.1416665225,23.7614149207494,37.3607440932069,0.366019383241874
37.2868608603,1.1416665225,24.1651643781928,26.6333202759433,0.30396954387328
37.7035275253,1.1416665225,26.5242848684395,3.51429222377937,0.0869664691980503
38.1201941903,1.1416665225,27.6480199236734,1.76779700253049,0.0551020784681918
38.5368608553,1.1416665225,28.2643123753169,1.69431876969309,0.0535531217590576
38.9535275203,1.1416665225,28.0206108384172,1.69963815455657,0.0536660486592596
39.3701941853,1.1416665225,28.0206108384172,1.69963815455657,0.0536660486592596
39.7868608503,1.1416665225,28.0986092954044,1.6962420460182,0.0535939661147214
40.2035275153,1.1416665225,28.3416961710574,1.69187151131933,0.0535011258526386
40.6201941803,1.1416665225,28.6039511011593,1.68997939230451,0.0534609064563221
41.0368608453,1.1416665225,28.9270186551074,1.68889514945893,0.0534378522889181
41.4535275103,1.1416665225,28.76789908201,1.68905691633259,0.053441292258271
41.8701941753,1.1416665225,28.76789908201,1.68905691633259,0.053441292258271
42.2868608403,1.1416665225,28.5829521632306,1.68940236818639,0.0534486378934491
42.7035275053,1.1416665225,28.3154015158471,1.69028299746621,0.0534673610468376
43.1201941703,1.1416665225,27.6275049540337,1.71049198632084,0.0538960793477948
43.5368608353,1.1416665225,27.252036564422,1.88974517940944,0.0576230705259073
43.9535275003,1.1416665225,26.8002406350528,2.78278716091251,0.0745667239601847
9.78686097028,0.7249998575,24.9797076922436,15.7701006208915,0.22419596604965
10.2035276353,0.7249998575,23.7948470496425,39.9558490899914,0.379309628733668
10.6201943003,0.7249998575,22.6710190609534,62.4265893692356,0.47520605217828
11.0368609653,0.7249998575,23.9017661161275,37.974502312916,0.369214929093146
11.4535276303,0.7249998575,24.0484194944835,34.366811786866,0.349935293523233
11.8701942953,0.7249998575,24.0484194944835,34.366811786866,0.349935293523233
12.2868609603,0.7249998575,24.1804168165943,31.3122672011411,0.332603747267866
12.7035276253,0.7249998575,24.1548006106276,31.9092047436397,0.336069225997888
13.1201942903,0.7249998575,24.169501716631,31.5650086397683,0.334075847205423
13.5368609553,0.7249998575,24.1331940534976,32.3537725236308,0.338624711670274
13.9535276203,0.7249998575,24.047824962436,34.3073709094704,0.349607250280009
14.3701942853,0.7249998575,24.047824962436,34.3073709094704,0.349607250280009
14.7868609503,0.7249998575,24.1722837149121,31.3910036095065,0.333063115448241
15.2035276153,0.7249998575,24.7891760777217,18.6514063846441,0.247632818350997
15.6201942803,0.7249998575,25.1293451761185,13.6638042623582,0.205673098912488
16.0368609453,0.7249998575,25.2894447436532,12.0650800563466,0.190672055234707
16.4535276103,0.7249998575,25.4523648996159,10.5553056249213,0.175622769927777
16.8701942753,0.7249998575,25.4523648996159,10.5553056249213,0.175622769927777
17.2868609403,0.7249998575,25.4930486699147,10.4990214636044,0.175043187522714
17.7035276053,0.7249998575,25.5526128848791,10.0495157774867,0.17036274393528
18.1201942703,0.7249998575,25.8233639590284,7.7738745598751,0.145073217076708
18.5368609353,0.7249998575,25.6055832116124,9.55457606209364,0.165098464827974
18.9535276003,0.7249998575,25.2689279845239,13.0574830243387,0.200087705846314
19.3701942653,0.7249998575,25.2689279845239,13.0574830243387,0.200087705846314
19.7868609303,0.7249998575,25.2731728421015,12.9534412822473,0.199116896531158
20.2035275953,0.7249998575,25.2940269104146,12.5957274258978,0.195750446195724
20.6201942603,0.7249998575,25.3249669694873,12.186565014095,0.191843825563907
21.0368609253,0.7249998575,25.2591093879254,12.7020634448342,0.196755864242723
21.4535275903,0.7249998575,25.1221575205406,14.3008186340653,0.21141394228598
21.8701942553,0.7249998575,25.1221575205406,14.3008186340653,0.21141394228598
22.2868609203,0.7249998575,24.998135929463,15.5004024638258,0.22189529269418
22.7035275853,0.7249998575,24.841877713129,17.7024880137595,0.240132521787127
23.1201942503,0.7249998575,24.5894980526703,21.7234162480681,0.270629884763708
23.5368609153,0.7249998575,25.0358884062675,15.0049263928182,0.217616257125511
23.9535275803,0.7249998575,25.3573777322846,11.2712396414602,0.182875262920834
24.3701942453,0.7249998575,25.3573777322846,11.2712396414602,0.182875262920834
24.7868609103,0.7249998575,25.1467177109102,13.7627871020249,0.206573518174078
25.2035275753,0.7249998575,24.8718908636378,17.8472566434409,0.241289953312171
25.6201942403,0.7249998575,24.6063170887534,22.2571185959445,0.27444345350594
26.0368609053,0.7249998575,24.326282629432,27.4208082294764,0.308983755051029
26.4535275703,0.7249998575,24.0633935404687,32.8573768647363,0.341493876231262
26.8701942353,0.7249998575,24.0633935404687,32.8573768647363,0.341493876231262
27.2868609003,0.7249998575,23.6908325883113,40.3682085268663,0.381369489176697
27.7035275653,0.7249998575,23.7608792419831,39.0415054207027,0.374692349398877
28.1201942303,0.7249998575,23.2572531112222,48.4650111105566,0.419246322295687
28.5368608953,0.7249998575,22.5215163046428,57.3556356129858,0.456057023375724
28.9535275603,0.7249998575,21.6452603351771,57.1037947476678,0.455073475799502
29.3701942253,0.7249998575,21.6452603351771,57.1037947476678,0.455073475799502
29.7868608903,0.7249998575,21.2187581833725,53.4526597084979,0.440442879278844
30.2035275553,0.7249998575,19.3051403803699,28.4507828211788,0.315417750277065
30.6201942203,0.7249998575,20.6154868857696,49.1736290431214,0.422348984886167
31.0368608853,0.7249998575,20.973940646722,52.8659450049855,0.438024607678432
31.4535275503,0.7249998575,21.1963888903546,55.0972845115596,0.447120694301751
31.8701942153,0.7249998575,21.1963888903546,55.0972845115596,0.447120694301751
32.2868608803,0.7249998575,21.3077980683021,57.4506624645202,0.45642731288378
32.7035275453,0.7249998575,20.9787849747489,55.6268532171947,0.44924002288907
33.1201942103,0.7249998575,21.856874262285,62.0922843597336,0.473980640314562
33.5368608753,0.7249998575,21.9869815822218,61.8828780391095,0.473210480777846
33.9535275403,0.7249998575,21.343508055391,57.8068278562555,0.457811145296518
34.3701942053,0.7249998575,21.343508055391,57.8068278562555,0.457811145296518
34.7868608703,0.7249998575,20.1457010694113,38.9425170455812,0.374188286985292
35.2035275353,0.7249998575,17.2603882009296,5.91889012157331,0.121975125971932
35.6201942003,0.7249998575,21.5988355730802,46.1556607653182,0.408911056500861
36.0368608653,0.7249998575,23.3482062682454,41.6965532398879,0.387912648830112
36.4535275303,0.7249998575,18.6384120830062,18.4596972933898,0.246133735392192
36.8701941953,0.7249998575,18.6384120830062,18.4596972933898,0.246133735392192
37.2868608603,0.7249998575,23.2493804951813,44.848680320906,0.402903657965945
37.7035275253,0.7249998575,24.3915246457865,22.7504577367937,0.277924543033674
38.1201941903,0.7249998575,25.3980175103812,9.66483825657136,0.16628164239498
38.5368608553,0.7249998575,26.8810839313928,2.60052484553497,0.0712935831411637
38.9535275203,0.7249998575,28.1336737927911,1.69519117371405,0.0535716509233213
39.3701941853,0.7249998575,28.1336737927911,1.69519117371405,0.0535716509233213
39.7868608503,0.7249998575,28.2624133298508,1.69280795762103,0.0535210253004746
40.2035275153,0.7249998575,28.4258450246954,1.69105575317802,0.053483787835519
40.6201941803,0.7249998575,28.7617208759765,1.68939350582184,0.0534484494521562
41.0368608453,0.7249998575,28.8261533602019,1.68920391395738,0.053444418058391
41.4535275103,0.7249998575,28.6443665909487,1.68952868686118,0.053451323781181
41.8701941753,0.7249998575,28.6443665909487,1.68952868686118,0.053451323781181
42.2868608403,0.7249998575,28.2911714123971,1.6905136382036,0.0534722641517983
42.7035275053,0.7249998575,27.7728256299005,1.69700241866646,0.0536101095066002
43.1201941703,0.7249998575,26.7214851412151,3.02177410880456,0.0787398554241681
43.5368608353,0.7249998575,26.443116179919,3.91184374612236,0.0932890270222522
9.78686097028,0.3083331925,25.2896753729038,11.9221450764468,0.189286281355739
10.2035276353,0.3083331925,24.9810454135792,15.8163174940032,0.224588249032666
10.6201943003,0.3083331925,24.0242590066475,34.3394191276846,0.349784162222376
11.0368609653,0.3083331925,24.7036010790212,20.6896840552347,0.263096690006383
11.4535276303,0.3083331925,24.3533441819437,27.5772071354791,0.309969673264297
11.8701942953,0.3083331925,24.3533441819437,27.5772071354791,0.309969673264297
12.2868609603,0.3083331925,24.4687173134592,25.2533397661464,0.294973917716787
12.7035276253,0.3083331925,24.2353896023757,30.2307412721827,0.326222413262478
13.1201942903,0.3083331925,23.9946334176666,35.751109554267,0.357477145677363
13.5368609553,0.3083331925,23.9754355804403,36.1691133359336,0.359718448686186
13.9535276203,0.3083331925,24.431053037731,25.9367342209872,0.299462771961846
14.3701942853,0.3083331925,24.431053037731,25.9367342209872,0.299462771961846
14.7868609503,0.3083331925,24.5731278266667,23.1250422556949,0.280540142870035
15.2035276153,0.3083331925,25.0662961210293,14.7580709189749,0.215458343430385
15.6201942803,0.3083331925,25.2907055208621,12.0739972481773,0.190758252896879
16.0368609453,0.3083331925,25.4202470474891,10.7392439407346,0.17750709059503
16.4535276103,0.3083331925,25.391769515478,11.2759122154705,0.182921888490067
16.8701942753,0.3083331925,25.391769515478,11.2759122154705,0.182921888490067
17.2868609403,0.3083331925,25.5592496500043,9.867898312505,0.168444864627392
17.7035276053,0.3083331925,25.6479801059915,9.09922309314838,0.16014639859759
18.1201942703,0.3083331925,25.898612271798,7.13522762012001,0.137414044475147
18.5368609353,0.3083331925,25.5807003834989,9.73324348616795,0.167012631099604
18.9535276003,0.3083331925,25.3339965575891,12.2986850941966,0.192920404598647
19.3701942653,0.3083331925,25.3339965575891,12.2986850941966,0.192920404598647
19.7868609303,0.3083331925,25.3161946976352,12.4127529133922,0.194010951677233
20.2035275953,0.3083331925,25.3247872984134,12.2189398631574,0.19215516630583
20.6201942603,0.3083331925,25.2769165524527,12.6931942063489,0.196672157589388
21.0368609253,0.3083331925,25.3184276735942,11.9774338976662,0.189823232115644
21.4535275903,0.3083331925,25.1840416612491,13.4244486530159,0.20348266960478
21.8701942553,0.3083331925,25.1840416612491,13.4244486530159,0.20348266960478
22.2868609203,0.3083331925,25.0968832512822,14.2994242486698,0.211401513095256
22.7035275853,0.3083331925,24.8824601808621,17.1846280311609,0.235952015209717
23.1201942503,0.3083331925,24.5482039263035,22.546111904132,0.276487698112043
23.5368609153,0.3083331925,24.9579411944656,15.8745244163953,0.225081489125316
23.9535275803,0.3083331925,25.0736313028101,14.4275427676292,0.212541072079845
24.3701942453,0.3083331925,25.0736313028101,14.4275427676292,0.212541072079845
24.7868609103,0.3083331925,24.7967924764372,18.4830535624428,0.246316802251384
25.2035275753,0.3083331925,24.8344775276944,18.35038100086,0.245275312257849
25.6201942403,0.3083331925,24.5580521246415,23.0565649290801,0.280063737447983
26.0368609053,0.3083331925,24.1077057507852,31.9843045097814,0.336502427622606
26.4535275703,0.3083331925,23.6449932166688,41.9009775432445,0.388907349192936
26.8701942353,0.3083331925,23.6449932166688,41.9009775432445,0.388907349192936
27.2868609003,0.3083331925,23.226167851587,49.6847739230103,0.424567637463397
27.7035275653,0.3083331925,23.4699384032352,45.1074281414966,0.404102336214962
28.1201942303,0.3083331925,22.8985944059817,54.8481760590727,0.446118614737784
28.5368608953,0.3083331925,21.9657465315917,60.9586971330532,0.469787597910304
28.9535275603,0.3083331925,19.1134718568773,25.1663565763634,0.294397662879459
29.3701942253,0.3083331925,19.1134718568773,25.1663565763634,0.294397662879459
29.7868608903,0.3083331925,18.2366241725099,13.5659901098693,0.204780215778219
30.2035275553,0.3083331925,21.6010582692011,59.8207638319115,0.465518568520727
30.6201942203,0.3083331925,21.6561108320636,57.5490048448737,0.456810043951507
31.0368608853,0.3083331925,21.4026153680469,56.0384098785596,0.450876884519473
31.4535275503,0.3083331925,21.0832087688453,57.064844497953,0.454921071625808
31.8701942153,0.3083331925,21.0832087688453,57.064844497953,0.454921071625808
32.2868608803,0.3083331925,21.0765713688589,58.240191861843,0.459486399133139
32.7035275453,0.3083331925,21.6337832445184,63.3375608925493,0.478519929694449
33.1201942103,0.3083331925,22.7394259293132,58.8713582627662,0.461909745049068
33.5368608753,0.3083331925,22.555976663916,60.6153400823063,0.468505866029226
33.9535275403,0.3083331925,21.7159543020366,62.3300000508892,0.47485251575011
34.3701942053,0.3083331925,21.7159543020366,62.3300000508892,0.47485251575011
34.7868608703,0.3083331925,20.8451962912698,51.6186275833697,0.432818765007723
35.2035275353,0.3083331925,16.0248213434447,1.70103267656596,0.0536956326249345
35.6201942003,0.3083331925,18.9105406386653,21.1073427314463,0.266164147754763
36.0368608653,0.3083331925,19.9273522374506,34.6589550890309,0.351542482075296
36.4535275303,0.3083331925,17.6547284944792,8.3136856130763,0.151338235080855
36.8701941953,0.3083331925,17.6547284944792,8.3136856130763,0.151338235080855
37.2868608603,0.3083331925,18.2068102554045,13.6025051486776,0.205113899993399
37.7035275253,0.3083331925,20.5853821546744,50.1805339423051,0.426704233984605
38.1201941903,0.3083331925,24.4826574701973,21.6945269121621,0.270422013834706
38.5368608553,0.3083331925,26.5407990076708,3.56875307538801,0.0878482876551873
38.9535275203,0.3083331925,27.6735331895419,1.75317257448295,0.0547956434007176
39.3701941853,0.3083331925,27.6735331895419,1.75317257448295,0.0547956434007176
39.7868608503,0.3083331925,28.1402475927817,1.695248444971,0.0535728672005672
40.2035275153,0.3083331925,28.3002435218708,1.69203202889455,0.053504537122654
40.6201941803,0.3083331925,28.5039240275604,1.69020895848781,0.0534657870295828
41.0368608453,0.3083331925,28.5101613817785,1.68990490136902,0.0534593227296769
41.4535275103,0.3083331925,28.2856659922347,1.69060168981155,0.0534741359452627
41.8701941753,0.3083331925,28.2856659922347,1.69060168981155,0.0534741359452627
42.2868608403,0.3083331925,27.8990473500323,1.69365867831096,0.0535390996935521
42.7035275053,0.3083331925,27.4105583422847,1.7379018586879,0.0544746928122806
43.1201941703,0.3083331925,26.5017062731179,3.75392252295616,0.0908085934339657
9.78686097028,-0.1083334725,25.1815618999557,13.2482383542798,0.201858090255495
10.2035276353,-0.1083334725,25.3257447524073,11.5742103335497,0.185880181679005
10.6201943003,-0.1083334725,25.2243622388639,12.5748474047122,0.195552551727751
11.0368609653,-0.1083334725,24.8224087118943,18.4795364822573,0.24628924298858
11.4535276303,-0.1083334725,25.1901443155106,13.4322468516723,0.203554328323331
11.8701942953,-0.1083334725,25.1901443155106,13.4322468516723,0.203554328323331
12.2868609603,-0.1083334725,25.2107017434456,13.2906679597804,0.202250214330874
12.7035276253,-0.1083334725,24.608396709254,22.6106730610248,0.276942423362318
13.1201942903,-0.1083334725,24.0525546054305,34.5722061461765,0.351066125150423
13.5368609553,-0.1083334725,24.1408050583495,32.5017129979912,0.33947037413595
13.9535276203,-0.1083334725,24.478909448933,25.0287787217778,0.293483925736609
14.3701942853,-0.1083334725,24.478909448933,25.0287787217778,0.293483925736609
14.7868609503,-0.1083334725,24.7498620370714,19.9146215092989,0.257315528500627
15.2035276153,-0.1083334725,25.1927553628451,13.360779939797,0.202896859696278
15.6201942803,-0.1083334725,25.4074299169827,10.9035758620654,0.179178098956879
16.0368609453,-0.1083334725,25.4708256698304,10.344423678395,0.173443903355861
16.4535276103,-0.1083334725,25.4921494208244,10.2813787345284,0.172788599192218
16.8701942753,-0.1083334725,25.4921494208244,10.2813787345284,0.172788599192218
17.2868609403,-0.1083334725,25.6102706572191,9.37161936078532,0.163121680093443
17.7035276053,-0.1083334725,25.8613763046347,7.34441331428353,0.139953851420342
18.1201942703,-0.1083334725,25.766555001987,8.06612815691386,0.148487680786207
18.5368609353,-0.1083334725,25.5041984883421,10.4042731830492,0.174064316468864
18.9535276003,-0.1083334725,25.4636125219088,10.8515759710588,0.17865059527439
19.3701942653,-0.1083334725,25.4636125219088,10.8515759710588,0.17865059527439
19.7868609303,-0.1083334725,25.4795452531092,10.610948217013,0.176194361536895
20.2035275953,-0.1083334725,25.4800107264548,10.5037471734297,0.175091904591893
20.6201942603,-0.1083334725,25.4298680899947,10.8945804105253,0.17908692893902
21.0368609253,-0.1083334725,25.3114700008247,11.9891622296982,0.189936985323405
21.4535275903,-0.1083334725,25.1501514557589,13.8520082369971,0.207382461491139
21.8701942553,-0.1083334725,25.1501514557589,13.8520082369971,0.207382461491139
22.2868609203,-0.1083334725,25.0350718705942,15.264388450734,0.219865599005147
22.7035275853,-0.1083334725,24.8027971982227,18.5767852156952,0.247050268089096
23.1201942503,-0.1083334725,24.8576426590879,17.3651759547333,0.237416733060725
23.5368609153,-0.1083334725,24.9898049312724,15.3504314693322,0.220607348614287
23.9535275803,-0.1083334725,24.996527969953,15.2862136646989,0.220053942759841
24.3701942453,-0.1083334725,24.996527969953,15.2862136646989,0.220053942759841
24.7868609103,-0.1083334725,24.6119442814578,21.5464824582329,0.269354415068339
25.2035275753,-0.1083334725,24.7762947606895,19.0410829798333,0.250655408757811
25.6201942403,-0.1083334725,24.5952154681771,22.3797517872586,0.275312679660662
26.0368609053,-0.1083334725,24.2623903839153,28.9239352575218,0.318327856186136
26.4535275703,-0.1083334725,23.8553989216154,37.7057221678269,0.36781961182864
26.8701942353,-0.1083334725,23.8553989216154,37.7057221678269,0.36781961182864
27.2868609003,-0.1083334725,22.8872509167647,56.1500587547029,0.451319416646988
27.7035275653,-0.1083334725,23.127892302576,51.9387976156513,0.434163548834383
28.1201942303,-0.1083334725,22.7231379751909,57.8641027736789,0.458033087603887
28.5368608953,-0.1083334725,21.5013293305668,61.1257245765951,0.470409123362381
28.9535275603,-0.1083334725,18.3809766316405,15.0690109608572,0.218173596157886
29.3701942253,-0.1083334725,18.3809766316405,15.0690109608572,0.218173596157886
29.7868608903,-0.1083334725,23.6670659876794,42.9422089827247,0.393924477300631
30.2035275553,-0.1083334725,22.5437452421139,57.260010035685,0.455683941502588
30.6201942203,-0.1083334725,20.7001608712845,51.6742953116997,0.433053008177003
31.0368608853,-0.1083334725,21.1597974593727,56.8337129423776,0.454015116127515
31.4535275503,-0.1083334725,21.2133907058744,60.1454238082284,0.466742761335935
31.8701942153,-0.1083334725,21.2133907058744,60.1454238082284,0.466742761335935
32.2868608803,-0.1083334725,22.6569247308097,60.6310101289312,0.468564481006033
32.7035275453,-0.1083334725,23.2511613814902,51.5052972703703,0.432341327563534
33.1201942103,-0.1083334725,23.4675129885271,47.2205931687808,0.413720397104267
33.5368608753,-0.1083334725,23.5230903195524,45.8969882848033,0.407731392723562
33.9535275403,-0.1083334725,23.0521514046062,54.0787509715254,0.443002401884488
34.3701942053,-0.1083334725,23.0521514046062,54.0787509715254,0.443002401884488
34.7868608703,-0.1083334725,22.6203271076774,58.7137565084411,0.461306463090414
35.2035275353,-0.1083334725,17.3370071362494,6.38536256243406,0.128039662088907
35.6201942003,-0.1083334725,15.8054162247397,1.6980259614703,0.0536318361797217
36.0368608653,-0.1083334725,16.7315763407158,3.07239744340788,0.0796077062363284
36.4535275303,-0.1083334725,14.5267231437993,1.69311693154278,0.0535275901265978
36.8701941953,-0.1083334725,14.5267231437993,1.69311693154278,0.0535275901265978
37.2868608603,-0.1083334725,12.275275713271,1.68812057889446,0.0534213794397433
37.7035275253,-0.1083334725,21.0424140215138,55.3264878958371,0.448039784591118
38.1201941903,-0.1083334725,25.7919791411104,7.06374253559725,0.136538888270963
38.5368608553,-0.1083334725,26.8843612427296,2.62027549913289,0.0716522950760056
38.9535275203,-0.1083334725,27.6361645490631,1.77482437053584,0.0552490058699613
39.3701941853,-0.1083334725,27.6361645490631,1.77482437053584,0.0552490058699613
39.7868608503,-0.1083334725,27.7015955857457,1.7587089925695,0.0549117582864792
40.2035275153,-0.1083334725,28.0407642365219,1.69805543395418,0.0536324617212015
40.6201941803,-0.1083334725,28.0805070616782,1.69478015154275,0.0535629215629132
41.0368608453,-0.1083334725,28.145428760195,1.69153696221315,0.0534940157487556
41.4535275103,-0.1083334725,27.9086083985543,1.69384039042705,0.0535429599272232
41.8701941753,-0.1083334725,27.9086083985543,1.69384039042705,0.0535429599272232
42.2868608403,-0.1083334725,27.5175374715642,1.72209233065728,0.0541413583897722
42.7035275053,-0.1083334725,27.0505495191836,2.0819981964118,0.061481985751878
9.37019430528,-0.5250001375,25.0799098615156,14.0422429344851,0.209098889717182
9.78686097028,-0.5250001375,25.2492843878291,12.2806570339752,0.192747611491161
10.2035276353,-0.5250001375,25.4431750082155,10.1273892134866,0.171180289595385
10.6201943003,-0.5250001375,25.1579908693727,13.3078054873858,0.20240842510176
11.0368609653,-0.5250001375,23.6144908641562,44.6687188071386,0.402067198341441
11.4535276303,-0.5250001375,24.7298138756245,20.2883555129893,0.260117844949269
11.8701942953,-0.5250001375,24.7298138756245,20.2883555129893,0.260117844949269
12.2868609603,-0.5250001375,25.3028768372727,12.2779826680201,0.192721968388307
12.7035276253,-0.5250001375,25.2344534510505,13.1008966215999,0.20049170457722
13.1201942903,-0.5250001375,24.6235886052335,22.422795292017,0.275617156508106
13.5368609553,-0.5250001375,24.7744251273236,19.7459510300386,0.256041697379538
13.9535276203,-0.5250001375,24.5659546401924,23.4177373024373,0.282567745582443
14.3701942853,-0.5250001375,24.5659546401924,23.4177373024373,0.282567745582443
14.7868609503,-0.5250001375,24.5605510538312,23.4559368872563,0.282831333359391
15.2035276153,-0.5250001375,25.3188648988885,12.0278501613146,0.190311850757951
15.6201942803,-0.5250001375,25.5050508125806,10.0238333286519,0.170092492295611
16.0368609453,-0.5250001375,25.5982959761957,9.20968261326032,0.161357612141818
16.4535276103,-0.5250001375,25.6264314691015,9.02980108080629,0.159381833764652
16.8701942753,-0.5250001375,25.6264314691015,9.02980108080629,0.159381833764652
17.2868609403,-0.5250001375,25.8287873022733,7.53156968200403,0.14220017966834
17.7035276053,-0.5250001375,26.197422012853,5.20514591445052,0.112301320641987
18.1201942703,-0.5250001375,25.9238841175246,6.86241104197293,0.134053732469601
18.5368609353,-0.5250001375,25.2325643577521,13.3558411169244,0.202851362110555
18.9535276003,-0.5250001375,25.4096826068188,11.3465968855899,0.183626132654687
19.3701942653,-0.5250001375,25.4096826068188,11.3465968855899,0.183626132654687
19.7868609303,-0.5250001375,25.3873586551857,11.54210104954,0.185563459255347
20.2035275953,-0.5250001375,25.4449634567464,10.8087112771902,0.178214889304336
20.6201942603,-0.5250001375,25.3814187240683,11.4214420404968,0.184369617587121
21.0368609253,-0.5250001375,25.3842178726156,11.0718919180828,0.180877672783173
21.4535275903,-0.5250001375,25.3166970089105,11.8264969021899,0.188354612549444
21.8701942553,-0.5250001375,25.3166970089105,11.8264969021899,0.188354612549444
22.2868609203,-0.5250001375,25.2248965225736,12.8749203251396,0.198381757917798
22.7035275853,-0.5250001375,25.1705496273019,13.2068893853699,0.201475374148113
23.1201942503,-0.5250001375,25.1363157709779,13.4718995121774,0.203918393272502
23.5368609153,-0.5250001375,24.9203972450245,16.3130971478448,0.228769187233038
23.9535275803,-0.5250001375,24.9741848942495,15.5872168024066,0.222638024580373
24.3701942453,-0.5250001375,24.9741848942495,15.5872168024066,0.222638024580373
24.7868609103,-0.5250001375,24.7845472007326,18.7426123637858,0.248343199284464
25.2035275753,-0.5250001375,24.7429191074196,19.7099959393257,0.255769415889179
25.6201942403,-0.5250001375,24.492487998502,24.283844256889,0.288486656374884
26.0368609053,-0.5250001375,24.2400878594656,29.459645608804,0.32158914469902
26.4535275703,-0.5250001375,23.9573556078186,35.4780458008329,0.356004094661851
26.8701942353,-0.5250001375,23.9573556078186,35.4780458008329,0.356004094661851
27.2868609003,-0.5250001375,22.8465586233505,57.548234969039,0.456807049616914
27.7035275653,-0.5250001375,22.4750263168954,61.7975086697464,0.472895936579467
28.1201942303,-0.5250001375,22.236480302289,63.3092211641092,0.478417390784191
28.5368608953,-0.5250001375,20.6721471627989,52.1653153354715,0.435111400048977
28.9535275603,-0.5250001375,22.3734225136381,64.0811964656265,0.481198000512416
29.3701942253,-0.5250001375,22.3734225136381,64.0811964656265,0.481198000512416
29.7868608903,-0.5250001375,22.6632142354026,61.0950440778858,0.470295054951268
30.2035275553,-0.5250001375,20.1739882261772,43.6304429276513,0.397196301926427
30.6201942203,-0.5250001375,20.4252898081749,48.3329219819996,0.418664479287567
31.0368608853,-0.5250001375,20.8953946832977,56.2867929595998,0.451860496503142
31.4535275503,-0.5250001375,21.8889838071494,65.3324238627467,0.485650277085741
31.8701942153,-0.5250001375,21.8889838071494,65.3324238627467,0.485650277085741
32.2868608803,-0.5250001375,23.2075764232297,53.1008793850647,0.438995250410102
32.7035275453,-0.5250001375,23.3852649624723,49.598673362342,0.424195039118607
33.1201942103,-0.5250001375,23.5364682812107,46.126171242281,0.408776799765074
33.5368608753,-0.5250001375,23.6381231363278,43.7819970256938,0.39791212458521
33.9535275403,-0.5250001375,22.8229854055679,57.6573324720948,0.457231074411408
34.3701942053,-0.5250001375,22.8229854055679,57.6573324720948,0.457231074411408
34.7868608703,-0.5250001375,21.7148926304396,60.5278403929704,0.468178355966515
35.2035275353,-0.5250001375,16.6907957180243,3.08935121021869,0.0798971435083234
35.6201942003,-0.5250001375,14.0255993270628,1.69115020415064,0.0534857954361844
36.0368608653,-0.5250001375,16.0343562287179,1.7011501264577,0.0536981238619272
36.4535275303,-0.5250001375,13.5889800554058,1.690880227573,0.0534800568489446
36.8701941953,-0.5250001375,13.5889800554058,1.690880227573,0.0534800568489446
37.2868608603,-0.5250001375,18.6972259680917,19.8965490053227,0.25717931491865
37.7035275253,-0.5250001375,22.5744314615192,55.5074729205306,0.448763557257518
38.1201941903,-0.5250001375,24.1097186952844,29.1928555776427,0.319969393455487
38.5368608553,-0.5250001375,25.512709970229,9.45298965883604,0.164002966163161
38.9535275203,-0.5250001375,27.1799283063846,2.31046408519035,0.0659037894248038
39.3701941853,-0.5250001375,27.1799283063846,2.31046408519035,0.0659037894248038
39.7868608503,-0.5250001375,27.6467329426665,1.79476886792708,0.0556648774508928
40.2035275153,-0.5250001375,27.740745003583,1.74427903895917,0.0546088461197191
40.6201941803,-0.5250001375,27.7705348905737,1.72083860589281,0.0541148778658465
41.0368608453,-0.5250001375,27.6892916791661,1.70515775329843,0.0537830933025981
41.4535275103,-0.5250001375,27.4592171849993,1.73361351695533,0.0543843827288139
41.8701941753,-0.5250001375,27.4592171849993,1.73361351695533,0.0543843827288139
42.2868608403,-0.5250001375,27.0421842726961,2.32030446038082,0.0660905706074016
8.95352764028,-0.9416668025,25.0799098615156,14.0422429344851,0.209098889717182
9.37019430528,-0.9416668025,25.0799098615156,14.0422429344851,0.209098889717182
9.78686097028,-0.9416668025,25.2492843878291,12.2806570339752,0.192747611491161
10.2035276353,-0.9416668025,25.4431750082155,10.1273892134866,0.171180289595385
10.6201943003,-0.9416668025,25.1579908693727,13.3078054873858,0.20240842510176
11.0368609653,-0.9416668025,23.6144908641562,44.6687188071386,0.402067198341441
11.4535276303,-0.9416668025,24.7298138756245,20.2883555129893,0.260117844949269
11.8701942953,-0.9416668025,24.7298138756245,20.2883555129893,0.260117844949269
12.2868609603,-0.9416668025,25.3028768372727,12.2779826680201,0.192721968388307
12.7035276253,-0.9416668025,25.2344534510505,13.1008966215999,0.20049170457722
13.1201942903,-0.9416668025,24.6235886052335,22.422795292017,0.275617156508106
13.5368609553,-0.9416668025,24.7744251273236,19.7459510300386,0.256041697379538
13.9535276203,-0.9416668025,24.5659546401924,23.4177373024373,0.282567745582443
14.3701942853,-0.9416668025,24.5659546401924,23.4177373024373,0.282567745582443
14.7868609503,-0.9416668025,24.5605510538312,23.4559368872563,0.282831333359391
15.2035276153,-0.9416668025,25.3188648988885,12.0278501613146,0.190311850757951
15.6201942803,-0.9416668025,25.5050508125806,10.0238333286519,0.170092492295611
16.0368609453,-0.9416668025,25.5982959761957,9.20968261326032,0.161357612141818
16.4535276103,-0.9416668025,25.6264314691015,9.02980108080629,0.159381833764652
16.8701942753,-0.9416668025,25.6264314691015,9.02980108080629,0.159381833764652
17.2868609403,-0.9416668025,25.8287873022733,7.53156968200403,0.14220017966834
